specimen_id,patient_id,MGMT_methylation,EGFR_status,IDH_status,TMB,immune_biomarker_score
G300000,P100000,Unmethylated,Unknown,Wildtype,2.41,49.5
G300001,P100001,Unknown,Unknown,Mutant,5.05,57.1
G300002,P100002,Methylated,Wildtype,Mutant,0.9,58.9
G300003,P100003,Methylated,Wildtype,Mutant,3.11,40.6
G300004,P100004,Unmethylated,Amplified,Mutant,3.54,59.5
G300005,P100005,Methylated,Wildtype,Mutant,5.07,28.9
G300006,P100006,Unknown,Amplified,Wildtype,2.05,53.0
G300007,P100007,Methylated,Amplified,Unknown,4.76,41.3
G300008,P100008,Unknown,Amplified,Wildtype,3.56,60.4
G300009,P100009,Unmethylated,Unknown,Unknown,3.45,48.7
G300010,P100010,Methylated,Wildtype,Wildtype,11.51,28.6
G300011,P100011,Unmethylated,Wildtype,Unknown,0.56,61.8
G300012,P100012,Unknown,Amplified,Wildtype,2.96,45.2
G300013,P100013,Methylated,Amplified,Mutant,2.66,46.1
G300014,P100014,Methylated,Unknown,Unknown,9.8,62.0
G300015,P100015,Unmethylated,Wildtype,Unknown,7.59,28.8
G300016,P100016,Unmethylated,Unknown,Unknown,1.55,7.4
G300017,P100017,Unmethylated,Wildtype,Unknown,2.57,64.4
G300018,P100018,Unknown,Unknown,Unknown,6.55,46.7
G300019,P100019,Unknown,Wildtype,Wildtype,4.93,39.7
G300020,P100020,Unmethylated,Unknown,Mutant,5.61,61.5
G300021,P100021,Unmethylated,Amplified,Wildtype,0.15,54.5
G300022,P100022,Methylated,Wildtype,Wildtype,7.8,43.8
G300023,P100023,Unmethylated,Amplified,Mutant,7.1,92.2
G300024,P100024,Unmethylated,Wildtype,Wildtype,4.69,55.9
G300025,P100025,Methylated,Unknown,Mutant,2.79,52.7
G300026,P100026,Unknown,Unknown,Wildtype,6.38,52.9
G300027,P100027,Methylated,Amplified,Unknown,1.94,53.1
G300028,P100028,Unknown,Unknown,Mutant,9.39,56.7
G300029,P100029,Methylated,Amplified,Mutant,7.89,46.4
G300030,P100030,Methylated,Wildtype,Unknown,7.25,54.2
G300031,P100031,Methylated,Wildtype,Wildtype,2.15,54.8
G300032,P100032,Unmethylated,Amplified,Mutant,2.02,40.5
G300033,P100033,Unknown,Unknown,Mutant,5.57,54.5
G300034,P100034,Unknown,Wildtype,Wildtype,1.43,65.8
G300035,P100035,Methylated,Wildtype,Wildtype,6.72,39.4
G300036,P100036,Unknown,Amplified,Unknown,0.39,47.8
G300037,P100037,Unmethylated,Amplified,Mutant,3.66,51.7
G300038,P100038,Unmethylated,Wildtype,Mutant,3.91,19.9
G300039,P100039,Unmethylated,Wildtype,Mutant,3.83,45.4
G300040,P100040,Methylated,Unknown,Unknown,6.9,39.5
G300041,P100041,Unknown,Wildtype,Unknown,10.04,21.3
G300042,P100042,Unknown,Wildtype,Wildtype,8.93,46.6
G300043,P100043,Unmethylated,Unknown,Unknown,7.58,51.2
G300044,P100044,Methylated,Unknown,Unknown,8.42,44.2
G300045,P100045,Unmethylated,Wildtype,Unknown,1.7,71.3
G300046,P100046,Methylated,Unknown,Wildtype,4.66,53.3
G300047,P100047,Methylated,Amplified,Unknown,8.7,34.5
G300048,P100048,Unknown,Amplified,Wildtype,6.79,41.2
G300049,P100049,Methylated,Wildtype,Unknown,4.6,51.1
G300050,P100050,Methylated,Wildtype,Wildtype,0.5,38.3
G300051,P100051,Methylated,Wildtype,Mutant,9.05,63.3
G300052,P100052,Unknown,Unknown,Mutant,4.81,53.6
G300053,P100053,Unknown,Unknown,Mutant,4.12,70.3
G300054,P100054,Unmethylated,Amplified,Mutant,4.4,53.5
G300055,P100055,Methylated,Unknown,Wildtype,8.44,38.3
G300056,P100056,Unknown,Unknown,Mutant,9.68,27.0
G300057,P100057,Unknown,Wildtype,Mutant,9.89,44.4
G300058,P100058,Unmethylated,Wildtype,Unknown,4.27,21.6
G300059,P100059,Unknown,Unknown,Mutant,3.64,34.4
G300060,P100060,Unknown,Wildtype,Wildtype,3.18,47.9
G300061,P100061,Methylated,Unknown,Wildtype,7.87,53.1
G300062,P100062,Unmethylated,Wildtype,Wildtype,5.92,33.6
G300063,P100063,Methylated,Wildtype,Wildtype,2.36,77.0
G300064,P100064,Unmethylated,Wildtype,Wildtype,2.79,74.8
G300065,P100065,Unknown,Amplified,Mutant,4.27,50.0
G300066,P100066,Unknown,Wildtype,Unknown,8.21,69.1
G300067,P100067,Unmethylated,Wildtype,Wildtype,4.67,44.2
G300068,P100068,Methylated,Unknown,Wildtype,4.83,55.1
G300069,P100069,Unknown,Wildtype,Mutant,7.67,50.1
G300070,P100070,Unknown,Unknown,Mutant,6.86,74.6
G300071,P100071,Methylated,Amplified,Wildtype,6.14,54.7
G300072,P100072,Unmethylated,Unknown,Wildtype,0.44,10.5
G300073,P100073,Methylated,Unknown,Wildtype,6.17,48.6
G300074,P100074,Methylated,Amplified,Wildtype,3.46,53.7
G300075,P100075,Unknown,Wildtype,Wildtype,4.82,66.9
G300076,P100076,Methylated,Unknown,Wildtype,5.26,38.8
G300077,P100077,Unknown,Unknown,Mutant,7.97,46.7
G300078,P100078,Methylated,Amplified,Wildtype,6.58,42.8
G300079,P100079,Unmethylated,Unknown,Wildtype,3.05,51.3
G300080,P100080,Methylated,Wildtype,Unknown,5.04,57.2
G300081,P100081,Unmethylated,Wildtype,Unknown,4.19,22.5
G300082,P100082,Unknown,Wildtype,Mutant,3.7,61.9
G300083,P100083,Methylated,Amplified,Mutant,4.11,46.3
G300084,P100084,Unmethylated,Wildtype,Unknown,7.96,39.3
G300085,P100085,Unknown,Wildtype,Mutant,0.37,47.6
G300086,P100086,Unknown,Unknown,Wildtype,3.55,35.5
G300087,P100087,Unmethylated,Amplified,Wildtype,4.47,57.4
G300088,P100088,Unknown,Unknown,Mutant,4.97,54.6
G300089,P100089,Methylated,Amplified,Wildtype,10.44,44.9
G300090,P100090,Unmethylated,Amplified,Unknown,5.84,42.4
G300091,P100091,Unknown,Wildtype,Unknown,2.46,41.2
G300092,P100092,Unmethylated,Unknown,Wildtype,3.56,55.4
G300093,P100093,Unmethylated,Unknown,Unknown,12.05,39.3
G300094,P100094,Unmethylated,Unknown,Mutant,3.75,49.1
G300095,P100095,Unmethylated,Unknown,Unknown,6.19,54.0
G300096,P100096,Unknown,Amplified,Wildtype,8.85,13.6
G300097,P100097,Methylated,Unknown,Mutant,2.16,42.6
G300098,P100098,Methylated,Wildtype,Wildtype,8.29,26.5
G300099,P100099,Unknown,Amplified,Wildtype,4.02,58.6
G300100,P100100,Methylated,Amplified,Wildtype,5.73,33.6
G300101,P100101,Unmethylated,Wildtype,Unknown,2.04,35.5
G300102,P100102,Unmethylated,Amplified,Wildtype,5.33,40.6
G300103,P100103,Unmethylated,Unknown,Unknown,6.48,7.2
G300104,P100104,Methylated,Unknown,Mutant,2.43,33.1
G300105,P100105,Unknown,Amplified,Mutant,4.23,41.9
G300106,P100106,Unknown,Amplified,Unknown,7.39,22.1
G300107,P100107,Unmethylated,Wildtype,Unknown,5.14,58.4
G300108,P100108,Unmethylated,Wildtype,Unknown,10.57,42.8
G300109,P100109,Unknown,Unknown,Wildtype,5.97,22.9
G300110,P100110,Methylated,Unknown,Unknown,2.18,62.7
G300111,P100111,Unmethylated,Amplified,Mutant,4.98,67.7
G300112,P100112,Methylated,Unknown,Wildtype,0.88,57.8
G300113,P100113,Unmethylated,Wildtype,Wildtype,10.61,56.3
G300114,P100114,Unmethylated,Amplified,Mutant,5.83,50.1
G300115,P100115,Methylated,Amplified,Unknown,0.29,70.3
G300116,P100116,Methylated,Amplified,Unknown,3.17,57.6
G300117,P100117,Unknown,Unknown,Unknown,0.31,32.3
G300118,P100118,Unknown,Unknown,Unknown,9.31,44.8
G300119,P100119,Unknown,Amplified,Wildtype,9.36,48.8
G300120,P100120,Unmethylated,Amplified,Mutant,0.53,63.4
G300121,P100121,Methylated,Amplified,Wildtype,3.23,60.5
G300122,P100122,Unmethylated,Wildtype,Unknown,5.08,26.9
G300123,P100123,Unmethylated,Amplified,Wildtype,5.49,82.9
G300124,P100124,Unknown,Unknown,Wildtype,6.48,49.1
G300125,P100125,Methylated,Unknown,Wildtype,8.23,53.2
G300126,P100126,Methylated,Unknown,Mutant,5.63,33.6
G300127,P100127,Methylated,Amplified,Unknown,5.7,65.5
G300128,P100128,Methylated,Unknown,Mutant,2.49,71.4
G300129,P100129,Unmethylated,Amplified,Mutant,4.72,36.7
G300130,P100130,Methylated,Amplified,Wildtype,7.99,45.7
G300131,P100131,Unknown,Amplified,Mutant,7.28,45.6
G300132,P100132,Methylated,Wildtype,Wildtype,4.82,57.4
G300133,P100133,Methylated,Amplified,Mutant,5.87,20.1
G300134,P100134,Methylated,Unknown,Unknown,1.64,63.9
G300135,P100135,Unknown,Amplified,Wildtype,4.6,42.1
G300136,P100136,Methylated,Wildtype,Mutant,0.92,33.8
G300137,P100137,Methylated,Wildtype,Unknown,1.07,48.5
G300138,P100138,Methylated,Amplified,Mutant,3.2,35.5
G300139,P100139,Unknown,Amplified,Unknown,4.8,55.5
G300140,P100140,Methylated,Amplified,Unknown,11.28,27.3
G300141,P100141,Unmethylated,Amplified,Mutant,8.48,64.6
G300142,P100142,Methylated,Unknown,Wildtype,2.66,53.0
G300143,P100143,Unknown,Wildtype,Wildtype,3.63,52.8
G300144,P100144,Methylated,Unknown,Unknown,9.53,59.1
G300145,P100145,Unknown,Amplified,Unknown,6.53,43.5
G300146,P100146,Unknown,Amplified,Mutant,0.55,46.9
G300147,P100147,Unknown,Amplified,Unknown,8.62,27.1
G300148,P100148,Methylated,Unknown,Mutant,1.83,51.9
G300149,P100149,Unmethylated,Amplified,Unknown,2.05,38.1
G300150,P100150,Methylated,Unknown,Mutant,3.73,29.5
G300151,P100151,Methylated,Unknown,Unknown,2.08,60.6
G300152,P100152,Unmethylated,Wildtype,Unknown,1.08,26.0
G300153,P100153,Unknown,Amplified,Wildtype,3.11,61.0
G300154,P100154,Unknown,Amplified,Mutant,4.41,43.0
G300155,P100155,Unmethylated,Wildtype,Wildtype,5.13,23.8
G300156,P100156,Methylated,Unknown,Mutant,6.48,55.8
G300157,P100157,Unmethylated,Amplified,Wildtype,3.77,65.1
G300158,P100158,Methylated,Wildtype,Mutant,1.62,66.9
G300159,P100159,Unknown,Amplified,Wildtype,5.46,45.0
G300160,P100160,Unmethylated,Unknown,Wildtype,4.94,48.4
G300161,P100161,Unknown,Unknown,Mutant,8.66,33.8
G300162,P100162,Methylated,Wildtype,Wildtype,2.71,65.5
G300163,P100163,Methylated,Wildtype,Wildtype,3.21,63.5
G300164,P100164,Unmethylated,Unknown,Unknown,10.1,44.0
G300165,P100165,Unmethylated,Unknown,Wildtype,7.04,32.7
G300166,P100166,Methylated,Unknown,Wildtype,7.26,53.0
G300167,P100167,Unmethylated,Wildtype,Mutant,6.42,40.3
G300168,P100168,Methylated,Wildtype,Unknown,0.02,57.5
G300169,P100169,Unmethylated,Amplified,Mutant,1.19,45.2
G300170,P100170,Unknown,Wildtype,Unknown,7.82,52.9
G300171,P100171,Methylated,Wildtype,Wildtype,10.85,65.4
G300172,P100172,Unknown,Unknown,Unknown,3.04,50.4
G300173,P100173,Methylated,Amplified,Mutant,4.86,26.3
G300174,P100174,Unmethylated,Wildtype,Unknown,2.18,41.6
G300175,P100175,Unknown,Amplified,Unknown,1.11,50.7
G300176,P100176,Methylated,Amplified,Wildtype,4.25,24.9
G300177,P100177,Methylated,Wildtype,Mutant,6.21,60.7
G300178,P100178,Unknown,Wildtype,Mutant,5.68,45.1
G300179,P100179,Methylated,Wildtype,Unknown,6.77,60.2
G300180,P100180,Unmethylated,Wildtype,Unknown,5.92,37.6
G300181,P100181,Unknown,Unknown,Wildtype,5.83,67.9
G300182,P100182,Unknown,Wildtype,Wildtype,3.21,81.5
G300183,P100183,Unmethylated,Unknown,Unknown,3.42,50.5
G300184,P100184,Unmethylated,Wildtype,Unknown,2.98,53.3
G300185,P100185,Unmethylated,Amplified,Wildtype,0.23,41.8
G300186,P100186,Methylated,Amplified,Wildtype,1.72,52.0
G300187,P100187,Unmethylated,Wildtype,Mutant,7.98,59.7
G300188,P100188,Unknown,Amplified,Mutant,2.11,80.6
G300189,P100189,Methylated,Unknown,Mutant,5.89,38.4
G300190,P100190,Methylated,Wildtype,Unknown,5.47,52.6
G300191,P100191,Methylated,Amplified,Wildtype,3.0,53.0
G300192,P100192,Unknown,Unknown,Wildtype,3.18,43.9
G300193,P100193,Methylated,Wildtype,Unknown,2.94,28.5
G300194,P100194,Unknown,Amplified,Mutant,5.44,58.8
G300195,P100195,Unknown,Unknown,Wildtype,6.54,62.3
G300196,P100196,Unmethylated,Amplified,Wildtype,5.97,42.0
G300197,P100197,Unknown,Wildtype,Wildtype,7.52,29.6
G300198,P100198,Unknown,Wildtype,Unknown,2.3,35.5
G300199,P100199,Unmethylated,Unknown,Unknown,8.24,64.1
G300200,P100200,Methylated,Amplified,Wildtype,6.46,66.1
G300201,P100201,Methylated,Wildtype,Wildtype,2.36,55.2
G300202,P100202,Unmethylated,Wildtype,Wildtype,4.62,62.7
G300203,P100203,Unmethylated,Amplified,Mutant,4.65,44.2
G300204,P100204,Methylated,Unknown,Unknown,6.62,63.1
G300205,P100205,Unmethylated,Unknown,Mutant,2.99,49.1
G300206,P100206,Unmethylated,Wildtype,Mutant,1.82,12.5
G300207,P100207,Unmethylated,Unknown,Wildtype,5.6,59.1
G300208,P100208,Unmethylated,Amplified,Unknown,5.79,20.8
G300209,P100209,Unknown,Wildtype,Unknown,3.95,16.7
G300210,P100210,Unknown,Unknown,Unknown,9.11,33.7
G300211,P100211,Unknown,Wildtype,Wildtype,8.77,64.2
G300212,P100212,Unknown,Amplified,Unknown,2.3,33.0
G300213,P100213,Methylated,Wildtype,Wildtype,6.05,37.3
G300214,P100214,Unmethylated,Unknown,Wildtype,5.31,42.8
G300215,P100215,Unknown,Unknown,Wildtype,0.34,16.5
G300216,P100216,Unmethylated,Wildtype,Mutant,5.68,41.6
G300217,P100217,Methylated,Unknown,Mutant,3.34,60.4
G300218,P100218,Methylated,Wildtype,Wildtype,8.52,45.9
G300219,P100219,Unknown,Unknown,Mutant,3.98,57.5
G300220,P100220,Unknown,Wildtype,Wildtype,0.93,53.3
G300221,P100221,Methylated,Wildtype,Wildtype,6.66,60.2
G300222,P100222,Unmethylated,Wildtype,Wildtype,0.81,38.6
G300223,P100223,Methylated,Unknown,Mutant,2.37,51.5
G300224,P100224,Methylated,Amplified,Unknown,6.44,72.5
G300225,P100225,Unmethylated,Unknown,Mutant,3.52,42.5
G300226,P100226,Unknown,Amplified,Wildtype,8.45,54.4
G300227,P100227,Methylated,Wildtype,Mutant,8.8,54.3
G300228,P100228,Methylated,Unknown,Wildtype,1.53,30.0
G300229,P100229,Methylated,Wildtype,Unknown,0.35,59.9
G300230,P100230,Unmethylated,Unknown,Unknown,8.57,77.7
G300231,P100231,Unmethylated,Wildtype,Mutant,7.53,67.4
G300232,P100232,Unknown,Wildtype,Unknown,3.26,32.7
G300233,P100233,Methylated,Wildtype,Wildtype,7.55,56.3
G300234,P100234,Unknown,Wildtype,Wildtype,5.32,55.8
G300235,P100235,Unknown,Amplified,Wildtype,5.97,69.3
G300236,P100236,Methylated,Unknown,Unknown,8.88,58.2
G300237,P100237,Methylated,Wildtype,Wildtype,7.54,57.7
G300238,P100238,Unknown,Unknown,Wildtype,3.62,61.3
G300239,P100239,Methylated,Unknown,Wildtype,0.82,65.8
G300240,P100240,Unmethylated,Wildtype,Mutant,1.42,54.3
G300241,P100241,Unmethylated,Unknown,Mutant,2.46,58.3
G300242,P100242,Unknown,Amplified,Wildtype,4.9,26.1
G300243,P100243,Unmethylated,Amplified,Wildtype,6.26,41.3
G300244,P100244,Unknown,Wildtype,Mutant,7.64,50.0
G300245,P100245,Unknown,Unknown,Mutant,6.19,35.6
G300246,P100246,Unknown,Unknown,Mutant,3.23,43.1
G300247,P100247,Unknown,Wildtype,Wildtype,7.57,75.2
G300248,P100248,Methylated,Unknown,Unknown,2.58,66.2
G300249,P100249,Unmethylated,Wildtype,Mutant,1.51,32.1
G300250,P100250,Unmethylated,Amplified,Unknown,2.12,29.7
G300251,P100251,Unmethylated,Unknown,Wildtype,0.25,56.2
G300252,P100252,Unmethylated,Unknown,Unknown,4.36,55.7
G300253,P100253,Unmethylated,Amplified,Wildtype,7.07,54.0
G300254,P100254,Unmethylated,Wildtype,Unknown,6.97,49.0
G300255,P100255,Unknown,Wildtype,Unknown,1.44,65.9
G300256,P100256,Unknown,Amplified,Mutant,3.23,36.0
G300257,P100257,Unknown,Unknown,Unknown,4.47,36.3
G300258,P100258,Methylated,Unknown,Wildtype,3.75,55.2
G300259,P100259,Methylated,Unknown,Unknown,6.05,36.5
G300260,P100260,Unmethylated,Wildtype,Unknown,3.54,66.1
G300261,P100261,Unknown,Unknown,Wildtype,6.49,81.1
G300262,P100262,Unknown,Unknown,Unknown,8.54,67.2
G300263,P100263,Methylated,Unknown,Mutant,0.84,61.5
G300264,P100264,Unmethylated,Wildtype,Mutant,4.84,41.7
G300265,P100265,Methylated,Amplified,Unknown,5.5,64.2
G300266,P100266,Unknown,Wildtype,Wildtype,6.5,36.8
G300267,P100267,Unmethylated,Wildtype,Mutant,7.23,40.4
G300268,P100268,Unknown,Amplified,Wildtype,5.65,45.4
G300269,P100269,Unmethylated,Wildtype,Unknown,4.34,61.5
G300270,P100270,Methylated,Wildtype,Unknown,1.88,79.2
G300271,P100271,Unknown,Amplified,Wildtype,0.46,41.0
G300272,P100272,Methylated,Amplified,Mutant,6.11,58.8
G300273,P100273,Methylated,Amplified,Mutant,4.7,49.1
G300274,P100274,Unmethylated,Wildtype,Wildtype,6.23,46.5
G300275,P100275,Unknown,Wildtype,Wildtype,9.18,62.6
G300276,P100276,Unknown,Amplified,Mutant,7.62,35.5
G300277,P100277,Methylated,Wildtype,Mutant,4.76,45.5
G300278,P100278,Methylated,Wildtype,Wildtype,1.98,55.4
G300279,P100279,Unknown,Unknown,Mutant,3.39,59.8
G300280,P100280,Unknown,Amplified,Unknown,1.79,75.8
G300281,P100281,Unmethylated,Amplified,Mutant,2.31,53.3
G300282,P100282,Methylated,Wildtype,Unknown,7.38,41.4
G300283,P100283,Unmethylated,Amplified,Wildtype,7.56,31.6
G300284,P100284,Unmethylated,Unknown,Unknown,9.36,50.2
G300285,P100285,Methylated,Wildtype,Unknown,3.21,45.5
G300286,P100286,Methylated,Amplified,Mutant,7.43,41.2
G300287,P100287,Unknown,Unknown,Unknown,2.75,46.7
G300288,P100288,Methylated,Unknown,Unknown,1.47,77.3
G300289,P100289,Unknown,Unknown,Wildtype,3.3,62.5
G300290,P100290,Unmethylated,Amplified,Mutant,5.63,35.2
G300291,P100291,Unknown,Amplified,Wildtype,4.98,61.8
G300292,P100292,Unmethylated,Unknown,Unknown,4.44,67.9
G300293,P100293,Unmethylated,Unknown,Unknown,8.06,63.8
G300294,P100294,Methylated,Wildtype,Mutant,3.62,33.8
G300295,P100295,Methylated,Amplified,Mutant,3.16,52.9
G300296,P100296,Methylated,Wildtype,Wildtype,6.64,17.4
G300297,P100297,Unmethylated,Wildtype,Unknown,4.98,52.4
G300298,P100298,Methylated,Wildtype,Unknown,4.17,69.4
G300299,P100299,Unmethylated,Unknown,Mutant,6.27,69.7
G300300,P100300,Unmethylated,Unknown,Wildtype,4.35,64.1
G300301,P100301,Unmethylated,Unknown,Mutant,9.91,69.7
G300302,P100302,Unmethylated,Amplified,Wildtype,1.72,46.2
G300303,P100303,Unmethylated,Unknown,Wildtype,3.96,57.3
G300304,P100304,Unmethylated,Amplified,Unknown,7.06,37.4
G300305,P100305,Unknown,Amplified,Unknown,5.2,19.7
G300306,P100306,Unknown,Amplified,Unknown,9.33,42.3
G300307,P100307,Unknown,Amplified,Wildtype,5.17,45.4
G300308,P100308,Unknown,Wildtype,Wildtype,8.44,7.4
G300309,P100309,Unknown,Unknown,Wildtype,4.95,48.4
G300310,P100310,Unknown,Amplified,Unknown,3.64,75.9
G300311,P100311,Methylated,Wildtype,Wildtype,2.34,61.6
G300312,P100312,Methylated,Wildtype,Wildtype,6.07,68.9
G300313,P100313,Unmethylated,Amplified,Mutant,3.0,39.0
G300314,P100314,Unmethylated,Amplified,Mutant,8.29,56.4
G300315,P100315,Unmethylated,Unknown,Wildtype,0.37,41.9
G300316,P100316,Unknown,Wildtype,Mutant,6.16,62.6
G300317,P100317,Unmethylated,Amplified,Wildtype,2.96,6.3
G300318,P100318,Unmethylated,Unknown,Wildtype,6.57,31.7
G300319,P100319,Unmethylated,Unknown,Wildtype,1.05,7.5
G300320,P100320,Methylated,Amplified,Unknown,7.44,51.9
G300321,P100321,Unmethylated,Unknown,Mutant,4.32,70.8
G300322,P100322,Unmethylated,Wildtype,Unknown,6.91,74.2
G300323,P100323,Unknown,Unknown,Unknown,0.82,49.5
G300324,P100324,Unmethylated,Wildtype,Unknown,0.15,46.6
G300325,P100325,Methylated,Amplified,Unknown,4.25,59.4
G300326,P100326,Unknown,Amplified,Unknown,5.14,59.4
G300327,P100327,Unmethylated,Unknown,Mutant,7.11,82.3
G300328,P100328,Methylated,Wildtype,Mutant,4.05,35.9
G300329,P100329,Unknown,Wildtype,Wildtype,5.74,38.0
G300330,P100330,Unknown,Amplified,Mutant,9.45,45.8
G300331,P100331,Methylated,Amplified,Unknown,3.3,42.9
G300332,P100332,Unknown,Unknown,Mutant,7.16,47.6
G300333,P100333,Unknown,Unknown,Wildtype,3.07,75.0
G300334,P100334,Unmethylated,Wildtype,Wildtype,2.43,50.5
G300335,P100335,Unknown,Amplified,Wildtype,6.96,25.5
G300336,P100336,Methylated,Unknown,Unknown,6.44,34.2
G300337,P100337,Unmethylated,Wildtype,Mutant,7.47,35.6
G300338,P100338,Methylated,Wildtype,Wildtype,7.08,66.6
G300339,P100339,Methylated,Wildtype,Wildtype,7.58,53.8
G300340,P100340,Unknown,Amplified,Mutant,4.31,41.4
G300341,P100341,Methylated,Unknown,Unknown,9.41,39.5
G300342,P100342,Unknown,Unknown,Mutant,1.89,60.0
G300343,P100343,Methylated,Wildtype,Mutant,2.61,35.7
G300344,P100344,Unmethylated,Unknown,Mutant,0.67,42.8
G300345,P100345,Methylated,Wildtype,Unknown,4.75,53.6
G300346,P100346,Unmethylated,Unknown,Wildtype,7.85,57.9
G300347,P100347,Methylated,Amplified,Wildtype,4.43,47.0
G300348,P100348,Methylated,Unknown,Mutant,6.53,69.1
G300349,P100349,Methylated,Unknown,Unknown,5.38,43.0
G300350,P100350,Unmethylated,Wildtype,Unknown,2.02,28.3
G300351,P100351,Unmethylated,Amplified,Mutant,7.0,58.7
G300352,P100352,Unknown,Amplified,Mutant,6.73,48.1
G300353,P100353,Unmethylated,Wildtype,Unknown,9.22,42.7
G300354,P100354,Unmethylated,Wildtype,Mutant,7.87,49.4
G300355,P100355,Unmethylated,Amplified,Unknown,3.17,58.9
G300356,P100356,Methylated,Wildtype,Unknown,6.23,55.4
G300357,P100357,Unknown,Amplified,Wildtype,5.24,49.4
G300358,P100358,Methylated,Wildtype,Mutant,12.17,67.8
G300359,P100359,Methylated,Wildtype,Wildtype,7.17,51.7
G300360,P100360,Methylated,Unknown,Wildtype,8.02,57.8
G300361,P100361,Methylated,Wildtype,Unknown,5.08,45.4
G300362,P100362,Unknown,Unknown,Wildtype,4.76,5.0
G300363,P100363,Methylated,Amplified,Wildtype,5.63,42.7
G300364,P100364,Methylated,Wildtype,Unknown,9.78,50.3
G300365,P100365,Unmethylated,Unknown,Mutant,1.43,49.3
G300366,P100366,Unknown,Wildtype,Unknown,1.86,57.1
G300367,P100367,Unmethylated,Unknown,Unknown,5.87,64.4
G300368,P100368,Unmethylated,Amplified,Mutant,2.63,50.5
G300369,P100369,Unknown,Amplified,Mutant,0.9,60.5
G300370,P100370,Unmethylated,Amplified,Wildtype,6.56,57.4
G300371,P100371,Unmethylated,Unknown,Unknown,5.0,56.2
G300372,P100372,Unknown,Unknown,Unknown,9.81,45.7
G300373,P100373,Methylated,Amplified,Wildtype,5.42,33.7
G300374,P100374,Unknown,Unknown,Wildtype,2.4,51.5
G300375,P100375,Unmethylated,Wildtype,Unknown,8.31,46.2
G300376,P100376,Unmethylated,Amplified,Unknown,4.29,43.9
G300377,P100377,Methylated,Unknown,Mutant,3.4,54.4
G300378,P100378,Unmethylated,Amplified,Unknown,0.51,69.2
G300379,P100379,Unmethylated,Wildtype,Wildtype,3.0,60.8
G300380,P100380,Methylated,Amplified,Wildtype,1.19,60.0
G300381,P100381,Unknown,Unknown,Wildtype,7.02,55.8
G300382,P100382,Methylated,Wildtype,Mutant,2.02,53.7
G300383,P100383,Unmethylated,Amplified,Mutant,1.45,46.2
G300384,P100384,Unmethylated,Wildtype,Unknown,8.09,62.0
G300385,P100385,Unmethylated,Wildtype,Wildtype,5.05,35.4
G300386,P100386,Unmethylated,Unknown,Wildtype,6.94,50.3
G300387,P100387,Unknown,Wildtype,Wildtype,1.96,61.7
G300388,P100388,Methylated,Wildtype,Unknown,4.93,68.0
G300389,P100389,Unmethylated,Amplified,Unknown,1.71,5.0
G300390,P100390,Unknown,Unknown,Wildtype,5.84,54.4
G300391,P100391,Methylated,Amplified,Mutant,0.07,35.3
G300392,P100392,Methylated,Amplified,Mutant,13.27,45.4
G300393,P100393,Methylated,Wildtype,Wildtype,7.19,40.2
G300394,P100394,Methylated,Unknown,Wildtype,1.27,47.4
G300395,P100395,Unmethylated,Amplified,Wildtype,4.2,44.0
G300396,P100396,Methylated,Wildtype,Wildtype,4.66,54.0
G300397,P100397,Unknown,Unknown,Wildtype,4.55,31.0
G300398,P100398,Unmethylated,Wildtype,Mutant,6.46,20.8
G300399,P100399,Unknown,Amplified,Mutant,1.15,61.1
G300400,P100400,Unmethylated,Amplified,Mutant,6.52,49.1
G300401,P100401,Unmethylated,Amplified,Mutant,0.81,39.4
G300402,P100402,Unknown,Unknown,Wildtype,4.21,26.1
G300403,P100403,Unknown,Unknown,Unknown,2.78,59.8
G300404,P100404,Methylated,Unknown,Mutant,9.28,43.7
G300405,P100405,Unknown,Unknown,Mutant,7.27,21.3
G300406,P100406,Unmethylated,Amplified,Mutant,6.98,37.9
G300407,P100407,Unmethylated,Unknown,Mutant,5.92,46.3
G300408,P100408,Unmethylated,Amplified,Wildtype,8.96,36.9
G300409,P100409,Unknown,Unknown,Mutant,6.88,45.8
G300410,P100410,Unmethylated,Wildtype,Unknown,4.53,47.2
G300411,P100411,Methylated,Wildtype,Mutant,2.46,49.8
G300412,P100412,Methylated,Amplified,Wildtype,4.81,53.6
G300413,P100413,Unknown,Unknown,Wildtype,5.25,62.0
G300414,P100414,Unmethylated,Unknown,Wildtype,7.77,34.2
G300415,P100415,Unknown,Unknown,Mutant,7.61,32.2
G300416,P100416,Unmethylated,Amplified,Unknown,6.76,59.3
G300417,P100417,Unknown,Wildtype,Wildtype,0.73,51.4
G300418,P100418,Unknown,Unknown,Unknown,3.59,38.6
G300419,P100419,Methylated,Amplified,Mutant,9.05,40.2
G300420,P100420,Unknown,Wildtype,Wildtype,2.58,51.1
G300421,P100421,Methylated,Unknown,Mutant,7.06,47.9
G300422,P100422,Unknown,Unknown,Wildtype,8.5,58.0
G300423,P100423,Methylated,Wildtype,Wildtype,1.53,42.1
G300424,P100424,Methylated,Amplified,Wildtype,3.31,57.2
G300425,P100425,Methylated,Amplified,Mutant,2.87,88.2
G300426,P100426,Methylated,Wildtype,Wildtype,6.59,52.2
G300427,P100427,Unmethylated,Unknown,Unknown,8.54,85.2
G300428,P100428,Methylated,Amplified,Wildtype,7.61,64.2
G300429,P100429,Unmethylated,Wildtype,Unknown,5.39,47.9
G300430,P100430,Unmethylated,Unknown,Unknown,3.57,37.6
G300431,P100431,Methylated,Wildtype,Unknown,2.94,29.7
G300432,P100432,Methylated,Wildtype,Unknown,4.77,24.7
G300433,P100433,Methylated,Wildtype,Wildtype,5.57,49.5
G300434,P100434,Unmethylated,Wildtype,Wildtype,5.44,42.2
G300435,P100435,Unknown,Unknown,Wildtype,14.23,70.4
G300436,P100436,Methylated,Wildtype,Wildtype,1.27,53.5
G300437,P100437,Unknown,Amplified,Wildtype,3.18,34.8
G300438,P100438,Unknown,Wildtype,Mutant,0.98,56.5
G300439,P100439,Methylated,Unknown,Wildtype,2.96,64.5
G300440,P100440,Unmethylated,Unknown,Mutant,7.98,70.6
G300441,P100441,Unknown,Unknown,Unknown,2.44,57.1
G300442,P100442,Methylated,Wildtype,Unknown,6.9,42.9
G300443,P100443,Unknown,Unknown,Unknown,2.68,74.1
G300444,P100444,Methylated,Wildtype,Wildtype,5.68,59.5
G300445,P100445,Unmethylated,Amplified,Wildtype,2.53,31.7
G300446,P100446,Unmethylated,Amplified,Mutant,3.29,48.1
G300447,P100447,Unknown,Wildtype,Mutant,1.81,49.9
G300448,P100448,Unknown,Wildtype,Wildtype,0.07,33.2
G300449,P100449,Unknown,Amplified,Unknown,7.01,59.1
G300450,P100450,Methylated,Amplified,Unknown,3.82,34.7
G300451,P100451,Methylated,Unknown,Wildtype,1.92,44.4
G300452,P100452,Unmethylated,Amplified,Wildtype,6.93,63.9
G300453,P100453,Unknown,Unknown,Unknown,3.51,32.7
G300454,P100454,Unmethylated,Wildtype,Wildtype,5.8,37.6
G300455,P100455,Unknown,Amplified,Unknown,3.45,69.9
G300456,P100456,Methylated,Amplified,Unknown,7.48,52.4
G300457,P100457,Unknown,Wildtype,Mutant,1.18,53.2
G300458,P100458,Methylated,Wildtype,Mutant,8.19,44.4
G300459,P100459,Methylated,Wildtype,Unknown,9.05,69.4
G300460,P100460,Unmethylated,Wildtype,Unknown,9.99,54.6
G300461,P100461,Unknown,Wildtype,Unknown,6.76,71.2
G300462,P100462,Unmethylated,Unknown,Wildtype,6.34,42.5
G300463,P100463,Unmethylated,Amplified,Mutant,3.65,53.6
G300464,P100464,Methylated,Amplified,Unknown,1.13,47.9
G300465,P100465,Unknown,Wildtype,Unknown,8.29,17.1
G300466,P100466,Methylated,Wildtype,Unknown,9.6,66.8
G300467,P100467,Methylated,Amplified,Wildtype,3.62,58.2
G300468,P100468,Methylated,Amplified,Mutant,5.01,68.4
G300469,P100469,Unknown,Wildtype,Wildtype,7.95,29.0
G300470,P100470,Unknown,Wildtype,Unknown,6.76,46.9
G300471,P100471,Unknown,Unknown,Unknown,5.25,39.1
G300472,P100472,Unmethylated,Wildtype,Unknown,10.24,65.6
G300473,P100473,Unknown,Wildtype,Unknown,2.78,30.0
G300474,P100474,Unknown,Unknown,Unknown,3.84,56.5
G300475,P100475,Unmethylated,Wildtype,Mutant,5.72,68.8
G300476,P100476,Methylated,Amplified,Mutant,7.37,64.5
G300477,P100477,Methylated,Amplified,Mutant,5.98,29.2
G300478,P100478,Unknown,Amplified,Mutant,4.41,65.9
G300479,P100479,Methylated,Wildtype,Unknown,4.85,57.5
G300480,P100480,Methylated,Unknown,Mutant,4.04,34.6
G300481,P100481,Unmethylated,Unknown,Unknown,4.63,54.6
G300482,P100482,Methylated,Amplified,Wildtype,3.03,46.5
G300483,P100483,Unmethylated,Amplified,Wildtype,2.18,66.8
G300484,P100484,Unmethylated,Amplified,Mutant,4.12,71.8
G300485,P100485,Methylated,Amplified,Unknown,9.59,48.8
G300486,P100486,Unknown,Wildtype,Wildtype,1.97,18.7
G300487,P100487,Unmethylated,Amplified,Wildtype,0.58,29.4
G300488,P100488,Unknown,Amplified,Mutant,9.14,51.7
G300489,P100489,Unmethylated,Unknown,Wildtype,6.17,16.7
G300490,P100490,Methylated,Wildtype,Mutant,1.41,63.3
G300491,P100491,Methylated,Unknown,Unknown,5.86,47.8
G300492,P100492,Unmethylated,Wildtype,Wildtype,6.69,74.5
G300493,P100493,Unknown,Unknown,Unknown,4.34,51.0
G300494,P100494,Unknown,Unknown,Wildtype,5.58,85.9
G300495,P100495,Methylated,Wildtype,Wildtype,1.3,60.2
G300496,P100496,Unmethylated,Unknown,Unknown,4.66,58.5
G300497,P100497,Unknown,Unknown,Unknown,3.03,49.3
G300498,P100498,Unmethylated,Amplified,Unknown,7.13,96.7
G300499,P100499,Methylated,Unknown,Mutant,7.42,37.3
G300500,P100500,Unmethylated,Unknown,Wildtype,3.73,43.2
G300501,P100501,Unknown,Amplified,Wildtype,0.39,45.0
G300502,P100502,Unknown,Wildtype,Wildtype,7.2,30.9
G300503,P100503,Methylated,Wildtype,Unknown,8.15,57.3
G300504,P100504,Unknown,Wildtype,Wildtype,2.8,47.9
G300505,P100505,Unknown,Wildtype,Mutant,9.79,61.0
G300506,P100506,Methylated,Wildtype,Unknown,5.03,46.4
G300507,P100507,Methylated,Wildtype,Wildtype,5.23,42.3
G300508,P100508,Unmethylated,Amplified,Unknown,1.31,80.6
G300509,P100509,Methylated,Unknown,Unknown,5.47,56.0
G300510,P100510,Unmethylated,Unknown,Unknown,4.83,39.0
G300511,P100511,Unknown,Wildtype,Mutant,4.44,26.0
G300512,P100512,Unmethylated,Unknown,Unknown,11.83,31.5
G300513,P100513,Unmethylated,Wildtype,Unknown,1.9,43.4
G300514,P100514,Unknown,Unknown,Wildtype,8.86,50.2
G300515,P100515,Unmethylated,Amplified,Unknown,1.29,68.8
G300516,P100516,Methylated,Wildtype,Unknown,7.19,58.1
G300517,P100517,Unknown,Amplified,Unknown,7.15,85.9
G300518,P100518,Unmethylated,Amplified,Mutant,11.56,39.7
G300519,P100519,Methylated,Amplified,Unknown,9.87,55.7
G300520,P100520,Unmethylated,Amplified,Wildtype,6.5,24.6
G300521,P100521,Unmethylated,Wildtype,Mutant,4.49,37.8
G300522,P100522,Methylated,Unknown,Mutant,7.48,66.1
G300523,P100523,Methylated,Wildtype,Wildtype,1.22,49.7
G300524,P100524,Unmethylated,Unknown,Mutant,8.37,47.2
G300525,P100525,Methylated,Unknown,Mutant,7.19,55.3
G300526,P100526,Methylated,Wildtype,Wildtype,6.02,45.9
G300527,P100527,Methylated,Unknown,Mutant,1.35,33.2
G300528,P100528,Methylated,Unknown,Mutant,7.13,50.3
G300529,P100529,Unmethylated,Wildtype,Wildtype,4.58,43.6
G300530,P100530,Unmethylated,Amplified,Unknown,4.08,65.7
G300531,P100531,Unmethylated,Amplified,Unknown,3.99,29.9
G300532,P100532,Unknown,Unknown,Unknown,7.23,46.9
G300533,P100533,Methylated,Unknown,Mutant,5.09,74.1
G300534,P100534,Unmethylated,Wildtype,Mutant,4.94,54.3
G300535,P100535,Methylated,Unknown,Unknown,1.46,46.7
G300536,P100536,Methylated,Unknown,Mutant,6.83,26.7
G300537,P100537,Unknown,Amplified,Mutant,5.6,51.5
G300538,P100538,Unknown,Amplified,Mutant,5.12,65.6
G300539,P100539,Unmethylated,Amplified,Unknown,6.0,72.2
G300540,P100540,Unmethylated,Unknown,Wildtype,2.02,52.0
G300541,P100541,Unknown,Wildtype,Unknown,5.25,34.0
G300542,P100542,Methylated,Amplified,Unknown,7.87,84.9
G300543,P100543,Unmethylated,Wildtype,Mutant,4.95,57.6
G300544,P100544,Methylated,Amplified,Wildtype,5.25,39.3
G300545,P100545,Unmethylated,Amplified,Mutant,0.46,39.4
G300546,P100546,Unmethylated,Wildtype,Wildtype,0.82,75.6
G300547,P100547,Unknown,Amplified,Mutant,4.65,44.8
G300548,P100548,Unmethylated,Wildtype,Unknown,7.67,33.2
G300549,P100549,Unmethylated,Wildtype,Unknown,2.7,51.0
G300550,P100550,Unknown,Amplified,Mutant,8.09,57.5
G300551,P100551,Unknown,Wildtype,Mutant,5.74,51.2
G300552,P100552,Methylated,Wildtype,Wildtype,6.2,53.0
G300553,P100553,Unmethylated,Wildtype,Unknown,1.91,50.7
G300554,P100554,Unknown,Wildtype,Mutant,1.78,51.2
G300555,P100555,Unmethylated,Amplified,Mutant,3.56,88.1
G300556,P100556,Unknown,Unknown,Mutant,4.88,28.9
G300557,P100557,Methylated,Wildtype,Wildtype,4.6,57.8
G300558,P100558,Unmethylated,Amplified,Wildtype,10.02,41.2
G300559,P100559,Methylated,Wildtype,Mutant,0.25,62.3
G300560,P100560,Unknown,Unknown,Mutant,0.86,43.5
G300561,P100561,Unknown,Amplified,Unknown,4.23,49.0
G300562,P100562,Unknown,Unknown,Unknown,7.07,39.7
G300563,P100563,Unmethylated,Wildtype,Wildtype,4.18,49.8
G300564,P100564,Unknown,Unknown,Unknown,5.45,51.5
G300565,P100565,Unmethylated,Unknown,Unknown,6.31,62.7
G300566,P100566,Unmethylated,Wildtype,Mutant,6.18,56.8
G300567,P100567,Unmethylated,Unknown,Unknown,0.25,50.8
G300568,P100568,Methylated,Unknown,Wildtype,6.44,60.9
G300569,P100569,Unmethylated,Unknown,Mutant,2.92,40.1
G300570,P100570,Unknown,Unknown,Unknown,3.28,58.0
G300571,P100571,Unknown,Wildtype,Unknown,8.1,43.9
G300572,P100572,Unmethylated,Unknown,Wildtype,7.72,51.9
G300573,P100573,Methylated,Wildtype,Mutant,4.63,46.8
G300574,P100574,Methylated,Unknown,Wildtype,7.24,54.9
G300575,P100575,Unmethylated,Unknown,Unknown,11.83,37.2
G300576,P100576,Unknown,Amplified,Unknown,6.55,42.1
G300577,P100577,Unknown,Wildtype,Mutant,2.39,49.8
G300578,P100578,Methylated,Unknown,Unknown,5.41,93.8
G300579,P100579,Unmethylated,Unknown,Wildtype,4.45,33.0
G300580,P100580,Unknown,Amplified,Mutant,5.82,18.9
G300581,P100581,Methylated,Unknown,Unknown,4.72,50.2
G300582,P100582,Unmethylated,Amplified,Wildtype,7.38,64.6
G300583,P100583,Unknown,Wildtype,Unknown,3.49,47.7
G300584,P100584,Methylated,Unknown,Mutant,2.7,33.1
G300585,P100585,Unmethylated,Wildtype,Unknown,5.93,30.9
G300586,P100586,Unknown,Wildtype,Mutant,3.76,35.1
G300587,P100587,Methylated,Unknown,Mutant,6.65,77.0
G300588,P100588,Unmethylated,Wildtype,Unknown,1.1,22.2
G300589,P100589,Unknown,Amplified,Wildtype,4.63,50.2
G300590,P100590,Unmethylated,Amplified,Unknown,5.66,43.3
G300591,P100591,Unknown,Unknown,Unknown,4.4,55.5
G300592,P100592,Unknown,Unknown,Unknown,8.12,20.7
G300593,P100593,Unknown,Amplified,Wildtype,3.89,53.2
G300594,P100594,Unmethylated,Wildtype,Unknown,2.25,76.0
G300595,P100595,Unknown,Unknown,Unknown,3.09,49.4
G300596,P100596,Methylated,Unknown,Wildtype,6.67,41.1
G300597,P100597,Unknown,Unknown,Mutant,0.54,43.6
G300598,P100598,Methylated,Wildtype,Unknown,8.09,44.9
G300599,P100599,Unknown,Amplified,Wildtype,2.46,63.9
G300600,P100600,Unmethylated,Amplified,Mutant,4.01,42.3
G300601,P100601,Unknown,Wildtype,Wildtype,5.45,61.6
G300602,P100602,Methylated,Amplified,Mutant,12.15,62.4
G300603,P100603,Unmethylated,Amplified,Wildtype,8.48,42.4
G300604,P100604,Methylated,Wildtype,Mutant,1.92,50.9
G300605,P100605,Unmethylated,Unknown,Unknown,5.32,33.8
G300606,P100606,Unmethylated,Unknown,Unknown,4.47,56.0
G300607,P100607,Unknown,Wildtype,Wildtype,6.08,57.6
G300608,P100608,Unknown,Wildtype,Unknown,5.87,42.4
G300609,P100609,Unmethylated,Wildtype,Unknown,3.46,32.0
G300610,P100610,Unmethylated,Unknown,Wildtype,10.35,50.2
G300611,P100611,Methylated,Amplified,Unknown,4.33,36.1
G300612,P100612,Methylated,Wildtype,Unknown,13.81,33.9
G300613,P100613,Unmethylated,Amplified,Unknown,3.71,56.2
G300614,P100614,Unknown,Unknown,Mutant,6.8,64.4
G300615,P100615,Unknown,Amplified,Wildtype,10.42,57.6
G300616,P100616,Unmethylated,Amplified,Unknown,1.83,46.1
G300617,P100617,Methylated,Unknown,Wildtype,5.92,81.0
G300618,P100618,Methylated,Unknown,Wildtype,0.81,68.0
G300619,P100619,Methylated,Amplified,Wildtype,5.54,62.6
G300620,P100620,Unknown,Wildtype,Mutant,4.69,37.4
G300621,P100621,Unknown,Amplified,Mutant,7.25,59.8
G300622,P100622,Unmethylated,Wildtype,Wildtype,7.92,49.8
G300623,P100623,Unmethylated,Wildtype,Wildtype,3.2,26.6
G300624,P100624,Methylated,Amplified,Mutant,7.46,56.4
G300625,P100625,Unknown,Wildtype,Mutant,2.1,41.9
G300626,P100626,Unmethylated,Wildtype,Mutant,3.6,27.8
G300627,P100627,Methylated,Unknown,Wildtype,2.55,33.0
G300628,P100628,Methylated,Amplified,Unknown,3.76,38.9
G300629,P100629,Unmethylated,Amplified,Mutant,0.12,80.3
G300630,P100630,Unmethylated,Wildtype,Unknown,8.76,38.3
G300631,P100631,Unmethylated,Unknown,Wildtype,5.82,56.3
G300632,P100632,Unmethylated,Wildtype,Wildtype,8.57,37.7
G300633,P100633,Unknown,Unknown,Mutant,8.28,41.8
G300634,P100634,Methylated,Unknown,Unknown,0.99,60.9
G300635,P100635,Unmethylated,Wildtype,Unknown,8.87,88.8
G300636,P100636,Unmethylated,Amplified,Unknown,1.4,60.5
G300637,P100637,Unmethylated,Amplified,Unknown,3.77,61.8
G300638,P100638,Unknown,Unknown,Wildtype,0.59,31.1
G300639,P100639,Unmethylated,Amplified,Wildtype,2.67,51.2
G300640,P100640,Unmethylated,Unknown,Mutant,3.08,59.9
G300641,P100641,Unknown,Wildtype,Unknown,8.08,59.0
G300642,P100642,Unmethylated,Unknown,Mutant,9.86,56.2
G300643,P100643,Methylated,Unknown,Mutant,1.35,70.5
G300644,P100644,Unknown,Unknown,Unknown,3.18,63.7
G300645,P100645,Unmethylated,Unknown,Unknown,9.72,56.9
G300646,P100646,Methylated,Unknown,Unknown,0.51,36.2
G300647,P100647,Methylated,Amplified,Unknown,8.97,47.5
G300648,P100648,Unknown,Unknown,Mutant,5.24,61.4
G300649,P100649,Unknown,Unknown,Mutant,7.09,54.2
G300650,P100650,Unmethylated,Unknown,Mutant,4.37,45.3
G300651,P100651,Methylated,Unknown,Unknown,7.57,58.3
G300652,P100652,Methylated,Amplified,Wildtype,4.23,66.2
G300653,P100653,Methylated,Amplified,Unknown,4.61,37.2
G300654,P100654,Unknown,Wildtype,Mutant,2.72,35.3
G300655,P100655,Unknown,Unknown,Wildtype,4.18,68.5
G300656,P100656,Unmethylated,Unknown,Mutant,2.58,52.8
G300657,P100657,Unmethylated,Amplified,Wildtype,3.03,46.1
G300658,P100658,Unmethylated,Amplified,Wildtype,0.47,46.7
G300659,P100659,Methylated,Unknown,Wildtype,4.42,58.1
G300660,P100660,Unmethylated,Wildtype,Mutant,5.67,32.0
G300661,P100661,Methylated,Amplified,Unknown,8.25,53.2
G300662,P100662,Methylated,Wildtype,Mutant,5.6,49.9
G300663,P100663,Methylated,Wildtype,Mutant,3.45,53.3
G300664,P100664,Methylated,Wildtype,Wildtype,6.43,23.8
G300665,P100665,Unknown,Amplified,Mutant,3.38,46.2
G300666,P100666,Unknown,Wildtype,Mutant,5.77,67.9
G300667,P100667,Methylated,Unknown,Mutant,2.68,42.5
G300668,P100668,Unmethylated,Wildtype,Mutant,3.46,38.0
G300669,P100669,Unmethylated,Amplified,Wildtype,3.96,61.6
G300670,P100670,Unmethylated,Wildtype,Wildtype,1.84,56.4
G300671,P100671,Methylated,Amplified,Mutant,0.11,41.6
G300672,P100672,Methylated,Unknown,Unknown,4.01,75.1
G300673,P100673,Methylated,Wildtype,Unknown,4.18,17.0
G300674,P100674,Unknown,Wildtype,Mutant,1.0,50.5
G300675,P100675,Unmethylated,Amplified,Wildtype,6.84,55.6
G300676,P100676,Unmethylated,Unknown,Wildtype,5.5,67.4
G300677,P100677,Methylated,Wildtype,Mutant,3.38,63.4
G300678,P100678,Unmethylated,Unknown,Mutant,0.1,36.4
G300679,P100679,Methylated,Wildtype,Unknown,0.42,45.9
G300680,P100680,Unknown,Unknown,Mutant,4.86,51.7
G300681,P100681,Methylated,Unknown,Unknown,5.19,36.1
G300682,P100682,Methylated,Wildtype,Unknown,4.43,27.5
G300683,P100683,Unmethylated,Wildtype,Mutant,9.09,45.4
G300684,P100684,Unknown,Unknown,Mutant,3.53,73.8
G300685,P100685,Methylated,Wildtype,Unknown,1.27,33.1
G300686,P100686,Methylated,Amplified,Unknown,1.71,49.0
G300687,P100687,Unmethylated,Unknown,Wildtype,6.29,61.1
G300688,P100688,Methylated,Amplified,Wildtype,12.72,16.3
G300689,P100689,Unknown,Wildtype,Unknown,6.83,41.6
G300690,P100690,Methylated,Amplified,Mutant,3.24,40.7
G300691,P100691,Unmethylated,Wildtype,Unknown,2.27,75.3
G300692,P100692,Unmethylated,Unknown,Wildtype,7.53,50.3
G300693,P100693,Unmethylated,Unknown,Mutant,9.05,27.3
G300694,P100694,Unknown,Unknown,Wildtype,1.01,17.3
G300695,P100695,Methylated,Amplified,Unknown,2.9,52.4
G300696,P100696,Unknown,Unknown,Mutant,5.31,52.2
G300697,P100697,Unmethylated,Amplified,Wildtype,0.77,62.0
G300698,P100698,Unknown,Amplified,Mutant,5.72,61.0
G300699,P100699,Unknown,Unknown,Wildtype,0.68,54.7
G300700,P100700,Unmethylated,Amplified,Unknown,1.44,44.0
G300701,P100701,Unknown,Wildtype,Unknown,6.6,51.4
G300702,P100702,Unmethylated,Unknown,Wildtype,2.45,50.1
G300703,P100703,Unknown,Wildtype,Wildtype,0.41,67.3
G300704,P100704,Methylated,Unknown,Wildtype,4.38,66.8
G300705,P100705,Unmethylated,Amplified,Wildtype,3.42,42.1
G300706,P100706,Unknown,Wildtype,Mutant,2.71,63.1
G300707,P100707,Unknown,Amplified,Unknown,2.87,59.7
G300708,P100708,Methylated,Unknown,Wildtype,3.85,20.4
G300709,P100709,Methylated,Amplified,Unknown,3.29,32.3
G300710,P100710,Methylated,Wildtype,Unknown,5.1,32.1
G300711,P100711,Unknown,Unknown,Wildtype,7.78,48.6
G300712,P100712,Unmethylated,Unknown,Mutant,4.47,59.8
G300713,P100713,Unknown,Unknown,Mutant,7.89,49.7
G300714,P100714,Unknown,Amplified,Unknown,2.69,23.4
G300715,P100715,Unmethylated,Unknown,Mutant,2.94,40.7
G300716,P100716,Unmethylated,Wildtype,Unknown,5.32,44.8
G300717,P100717,Unmethylated,Wildtype,Mutant,7.06,40.8
G300718,P100718,Unknown,Amplified,Mutant,4.83,67.8
G300719,P100719,Unmethylated,Wildtype,Mutant,6.03,49.1
G300720,P100720,Unmethylated,Amplified,Mutant,3.19,40.5
G300721,P100721,Unknown,Amplified,Wildtype,2.45,41.9
G300722,P100722,Unknown,Unknown,Wildtype,7.27,46.7
G300723,P100723,Methylated,Amplified,Unknown,0.95,76.5
G300724,P100724,Unknown,Wildtype,Unknown,5.96,28.9
G300725,P100725,Methylated,Amplified,Wildtype,3.67,51.7
G300726,P100726,Unmethylated,Amplified,Wildtype,10.11,33.4
G300727,P100727,Unmethylated,Unknown,Unknown,7.93,71.0
G300728,P100728,Unknown,Amplified,Mutant,3.11,45.8
G300729,P100729,Methylated,Unknown,Wildtype,1.89,46.9
G300730,P100730,Methylated,Wildtype,Unknown,4.89,59.9
G300731,P100731,Unknown,Wildtype,Mutant,8.27,38.8
G300732,P100732,Unknown,Amplified,Unknown,0.9,49.7
G300733,P100733,Unknown,Unknown,Unknown,5.88,53.7
G300734,P100734,Unknown,Unknown,Unknown,4.02,51.9
G300735,P100735,Methylated,Amplified,Unknown,9.55,55.7
G300736,P100736,Methylated,Unknown,Mutant,3.88,42.5
G300737,P100737,Methylated,Wildtype,Unknown,4.49,74.6
G300738,P100738,Methylated,Unknown,Unknown,4.45,49.7
G300739,P100739,Unmethylated,Amplified,Unknown,3.55,66.5
G300740,P100740,Methylated,Unknown,Unknown,10.88,56.8
G300741,P100741,Unknown,Unknown,Wildtype,5.25,50.6
G300742,P100742,Unknown,Unknown,Wildtype,2.15,61.2
G300743,P100743,Methylated,Wildtype,Unknown,5.4,56.4
G300744,P100744,Unknown,Unknown,Mutant,2.87,44.2
G300745,P100745,Unmethylated,Wildtype,Wildtype,3.77,65.3
G300746,P100746,Unmethylated,Amplified,Unknown,3.86,81.2
G300747,P100747,Unknown,Wildtype,Wildtype,6.29,30.9
G300748,P100748,Unmethylated,Unknown,Mutant,4.61,40.2
G300749,P100749,Unknown,Amplified,Mutant,1.58,74.0
G300750,P100750,Unmethylated,Wildtype,Unknown,7.11,58.0
G300751,P100751,Unmethylated,Wildtype,Mutant,5.5,29.3
G300752,P100752,Unmethylated,Amplified,Wildtype,3.55,62.6
G300753,P100753,Methylated,Unknown,Mutant,1.85,12.0
G300754,P100754,Unknown,Amplified,Unknown,4.32,47.9
G300755,P100755,Unmethylated,Amplified,Mutant,5.41,60.9
G300756,P100756,Methylated,Amplified,Wildtype,6.91,53.9
G300757,P100757,Unmethylated,Amplified,Unknown,8.59,27.2
G300758,P100758,Unknown,Amplified,Mutant,6.51,59.4
G300759,P100759,Unmethylated,Wildtype,Mutant,1.28,27.5
G300760,P100760,Unknown,Unknown,Wildtype,2.76,40.1
G300761,P100761,Unmethylated,Amplified,Mutant,7.26,40.8
G300762,P100762,Unmethylated,Amplified,Wildtype,2.43,40.8
G300763,P100763,Methylated,Wildtype,Unknown,8.36,50.2
G300764,P100764,Methylated,Amplified,Unknown,4.46,48.3
G300765,P100765,Unknown,Wildtype,Mutant,8.88,38.8
G300766,P100766,Unknown,Wildtype,Unknown,8.95,53.2
G300767,P100767,Methylated,Amplified,Mutant,4.52,87.5
G300768,P100768,Methylated,Wildtype,Wildtype,1.83,44.7
G300769,P100769,Unknown,Amplified,Mutant,1.3,64.3
G300770,P100770,Methylated,Wildtype,Mutant,10.07,75.0
G300771,P100771,Unmethylated,Unknown,Unknown,8.67,47.0
G300772,P100772,Unmethylated,Amplified,Mutant,3.9,24.9
G300773,P100773,Unknown,Amplified,Unknown,11.11,57.0
G300774,P100774,Methylated,Wildtype,Wildtype,3.52,69.9
G300775,P100775,Unmethylated,Amplified,Unknown,2.08,56.1
G300776,P100776,Unmethylated,Amplified,Unknown,4.48,59.6
G300777,P100777,Unknown,Unknown,Mutant,4.81,28.2
G300778,P100778,Unmethylated,Wildtype,Wildtype,5.23,65.7
G300779,P100779,Unmethylated,Unknown,Unknown,4.91,61.6
G300780,P100780,Methylated,Wildtype,Unknown,1.86,49.6
G300781,P100781,Unknown,Amplified,Wildtype,3.13,61.2
G300782,P100782,Unknown,Wildtype,Unknown,5.09,60.4
G300783,P100783,Methylated,Amplified,Mutant,8.26,60.4
G300784,P100784,Methylated,Unknown,Unknown,5.82,35.0
G300785,P100785,Methylated,Unknown,Mutant,4.99,42.0
G300786,P100786,Unknown,Amplified,Unknown,3.97,44.4
G300787,P100787,Unknown,Wildtype,Wildtype,2.06,20.6
G300788,P100788,Unmethylated,Wildtype,Unknown,3.0,52.9
G300789,P100789,Unknown,Wildtype,Mutant,0.96,50.2
G300790,P100790,Methylated,Amplified,Mutant,10.7,65.3
G300791,P100791,Methylated,Amplified,Wildtype,9.93,55.9
G300792,P100792,Unknown,Wildtype,Unknown,8.5,39.1
G300793,P100793,Unknown,Wildtype,Wildtype,3.07,8.9
G300794,P100794,Unknown,Unknown,Mutant,8.56,73.1
G300795,P100795,Methylated,Wildtype,Wildtype,3.34,46.2
G300796,P100796,Unknown,Wildtype,Wildtype,2.74,55.7
G300797,P100797,Unmethylated,Amplified,Unknown,8.37,23.9
G300798,P100798,Unknown,Unknown,Unknown,6.23,45.8
G300799,P100799,Methylated,Amplified,Mutant,5.34,56.9
G300800,P100800,Unknown,Unknown,Mutant,4.44,48.4
G300801,P100801,Unmethylated,Wildtype,Mutant,4.36,64.6
G300802,P100802,Methylated,Unknown,Mutant,6.26,53.3
G300803,P100803,Methylated,Wildtype,Mutant,1.19,44.3
G300804,P100804,Unknown,Wildtype,Unknown,7.7,50.6
G300805,P100805,Unknown,Wildtype,Unknown,6.98,76.5
G300806,P100806,Unknown,Wildtype,Unknown,8.12,51.4
G300807,P100807,Unknown,Wildtype,Unknown,3.47,11.7
G300808,P100808,Unmethylated,Wildtype,Wildtype,4.49,45.1
G300809,P100809,Methylated,Amplified,Wildtype,6.17,47.7
G300810,P100810,Methylated,Wildtype,Mutant,4.04,23.3
G300811,P100811,Methylated,Unknown,Mutant,2.18,57.1
G300812,P100812,Unknown,Amplified,Wildtype,10.15,48.5
G300813,P100813,Unknown,Amplified,Mutant,5.98,64.3
G300814,P100814,Unmethylated,Unknown,Wildtype,2.57,55.5
G300815,P100815,Unknown,Wildtype,Mutant,2.78,63.0
G300816,P100816,Unmethylated,Amplified,Mutant,5.45,54.5
G300817,P100817,Unmethylated,Amplified,Mutant,2.65,60.6
G300818,P100818,Unmethylated,Amplified,Unknown,11.25,34.9
G300819,P100819,Methylated,Amplified,Wildtype,3.98,53.5
G300820,P100820,Unmethylated,Amplified,Unknown,7.36,41.6
G300821,P100821,Unknown,Wildtype,Mutant,3.5,70.4
G300822,P100822,Methylated,Amplified,Mutant,7.28,23.9
G300823,P100823,Unmethylated,Amplified,Mutant,3.18,73.5
G300824,P100824,Unmethylated,Unknown,Mutant,9.34,64.1
G300825,P100825,Unmethylated,Unknown,Mutant,4.47,51.2
G300826,P100826,Methylated,Amplified,Mutant,4.61,66.9
G300827,P100827,Methylated,Wildtype,Mutant,2.37,37.9
G300828,P100828,Methylated,Unknown,Mutant,8.03,49.3
G300829,P100829,Unmethylated,Unknown,Mutant,9.14,39.9
G300830,P100830,Unmethylated,Amplified,Wildtype,4.84,36.2
G300831,P100831,Unmethylated,Amplified,Wildtype,5.02,27.8
G300832,P100832,Unmethylated,Unknown,Mutant,3.54,28.5
G300833,P100833,Unknown,Unknown,Wildtype,7.08,60.7
G300834,P100834,Unknown,Amplified,Mutant,0.19,70.0
G300835,P100835,Methylated,Amplified,Mutant,12.49,50.7
G300836,P100836,Methylated,Unknown,Wildtype,3.08,92.4
G300837,P100837,Unknown,Wildtype,Wildtype,1.04,50.3
G300838,P100838,Unknown,Wildtype,Unknown,5.54,70.2
G300839,P100839,Methylated,Amplified,Unknown,6.08,42.5
G300840,P100840,Unknown,Amplified,Unknown,2.15,44.9
G300841,P100841,Unmethylated,Amplified,Wildtype,1.98,50.7
G300842,P100842,Methylated,Amplified,Unknown,3.31,27.6
G300843,P100843,Unmethylated,Amplified,Unknown,8.77,42.5
G300844,P100844,Unknown,Wildtype,Mutant,1.2,47.5
G300845,P100845,Unknown,Amplified,Wildtype,5.21,23.8
G300846,P100846,Unknown,Unknown,Mutant,5.99,34.3
G300847,P100847,Methylated,Unknown,Wildtype,10.13,57.9
G300848,P100848,Unknown,Unknown,Wildtype,3.8,38.8
G300849,P100849,Unmethylated,Unknown,Wildtype,4.69,59.2
G300850,P100850,Methylated,Wildtype,Unknown,4.92,46.7
G300851,P100851,Unmethylated,Unknown,Unknown,5.18,40.9
G300852,P100852,Unmethylated,Unknown,Wildtype,3.97,18.7
G300853,P100853,Unmethylated,Wildtype,Unknown,7.92,54.5
G300854,P100854,Unmethylated,Unknown,Unknown,2.68,78.5
G300855,P100855,Unknown,Amplified,Mutant,5.26,34.5
G300856,P100856,Methylated,Amplified,Wildtype,7.57,56.0
G300857,P100857,Methylated,Wildtype,Mutant,6.18,43.6
G300858,P100858,Unmethylated,Wildtype,Wildtype,6.35,46.1
G300859,P100859,Unknown,Amplified,Wildtype,6.67,21.4
G300860,P100860,Unmethylated,Unknown,Mutant,3.7,75.8
G300861,P100861,Methylated,Amplified,Wildtype,2.7,40.9
G300862,P100862,Unmethylated,Unknown,Wildtype,3.66,31.8
G300863,P100863,Methylated,Unknown,Mutant,1.62,46.5
G300864,P100864,Unmethylated,Unknown,Unknown,5.41,49.2
G300865,P100865,Unmethylated,Wildtype,Wildtype,4.57,50.6
G300866,P100866,Unmethylated,Wildtype,Wildtype,8.07,47.1
G300867,P100867,Unmethylated,Wildtype,Wildtype,3.28,45.8
G300868,P100868,Unmethylated,Wildtype,Mutant,6.74,71.2
G300869,P100869,Methylated,Wildtype,Mutant,3.12,51.5
G300870,P100870,Unmethylated,Unknown,Mutant,6.02,35.1
G300871,P100871,Unmethylated,Amplified,Wildtype,5.06,28.0
G300872,P100872,Unknown,Unknown,Unknown,0.31,55.5
G300873,P100873,Unknown,Amplified,Wildtype,3.85,53.0
G300874,P100874,Methylated,Amplified,Mutant,4.95,35.4
G300875,P100875,Methylated,Wildtype,Mutant,4.86,31.5
G300876,P100876,Unknown,Amplified,Wildtype,9.17,29.7
G300877,P100877,Methylated,Unknown,Wildtype,4.41,34.4
G300878,P100878,Unmethylated,Wildtype,Unknown,6.71,45.0
G300879,P100879,Unknown,Wildtype,Mutant,3.44,62.8
G300880,P100880,Unknown,Unknown,Mutant,5.09,57.7
G300881,P100881,Unknown,Unknown,Unknown,2.06,28.9
G300882,P100882,Unmethylated,Amplified,Wildtype,5.32,45.2
G300883,P100883,Unmethylated,Wildtype,Wildtype,6.88,48.8
G300884,P100884,Unmethylated,Unknown,Unknown,5.62,25.6
G300885,P100885,Methylated,Wildtype,Unknown,10.67,47.5
G300886,P100886,Unknown,Amplified,Wildtype,7.09,37.5
G300887,P100887,Methylated,Amplified,Unknown,5.92,30.5
G300888,P100888,Unknown,Amplified,Wildtype,6.36,44.7
G300889,P100889,Methylated,Unknown,Unknown,5.09,60.5
G300890,P100890,Unknown,Wildtype,Unknown,1.3,39.7
G300891,P100891,Unmethylated,Wildtype,Mutant,6.37,81.5
G300892,P100892,Unmethylated,Amplified,Wildtype,4.59,58.9
G300893,P100893,Unknown,Wildtype,Mutant,4.68,79.1
G300894,P100894,Unmethylated,Wildtype,Unknown,0.24,51.4
G300895,P100895,Methylated,Wildtype,Mutant,0.12,12.4
G300896,P100896,Unknown,Amplified,Wildtype,5.89,52.1
G300897,P100897,Unknown,Amplified,Wildtype,4.15,48.4
G300898,P100898,Unknown,Wildtype,Wildtype,14.29,46.1
G300899,P100899,Methylated,Wildtype,Wildtype,6.53,40.3
G300900,P100900,Unknown,Wildtype,Unknown,5.89,46.4
G300901,P100901,Unknown,Wildtype,Wildtype,3.77,77.3
G300902,P100902,Unknown,Amplified,Unknown,8.53,52.1
G300903,P100903,Methylated,Amplified,Mutant,1.91,44.6
G300904,P100904,Unmethylated,Unknown,Unknown,13.11,46.5
G300905,P100905,Unknown,Unknown,Unknown,8.31,71.6
G300906,P100906,Unmethylated,Wildtype,Mutant,5.66,37.4
G300907,P100907,Unmethylated,Amplified,Unknown,2.31,60.3
G300908,P100908,Unmethylated,Amplified,Wildtype,2.56,52.6
G300909,P100909,Methylated,Wildtype,Unknown,1.25,46.0
G300910,P100910,Unmethylated,Unknown,Wildtype,5.1,54.0
G300911,P100911,Methylated,Amplified,Mutant,1.66,68.0
G300912,P100912,Unknown,Unknown,Mutant,3.21,24.9
G300913,P100913,Methylated,Unknown,Unknown,4.67,50.5
G300914,P100914,Unmethylated,Amplified,Mutant,5.48,70.4
G300915,P100915,Methylated,Amplified,Wildtype,4.29,48.2
G300916,P100916,Unmethylated,Amplified,Mutant,1.69,62.3
G300917,P100917,Unmethylated,Unknown,Unknown,5.55,43.7
G300918,P100918,Methylated,Wildtype,Mutant,0.71,71.7
G300919,P100919,Unmethylated,Unknown,Mutant,1.32,41.1
G300920,P100920,Methylated,Wildtype,Wildtype,6.08,32.1
G300921,P100921,Unmethylated,Amplified,Mutant,0.52,18.1
G300922,P100922,Methylated,Unknown,Wildtype,7.16,41.8
G300923,P100923,Unmethylated,Unknown,Mutant,13.78,35.1
G300924,P100924,Unmethylated,Amplified,Mutant,2.24,41.5
G300925,P100925,Methylated,Wildtype,Wildtype,5.73,42.9
G300926,P100926,Unknown,Unknown,Wildtype,6.84,35.3
G300927,P100927,Methylated,Unknown,Unknown,0.86,23.0
G300928,P100928,Unmethylated,Unknown,Mutant,1.67,42.2
G300929,P100929,Unknown,Unknown,Unknown,4.1,40.5
G300930,P100930,Unmethylated,Wildtype,Mutant,8.73,68.4
G300931,P100931,Methylated,Amplified,Wildtype,4.0,23.1
G300932,P100932,Methylated,Wildtype,Unknown,3.3,41.0
G300933,P100933,Methylated,Unknown,Wildtype,3.03,39.5
G300934,P100934,Unknown,Wildtype,Wildtype,3.04,44.2
G300935,P100935,Unmethylated,Unknown,Mutant,3.09,53.1
G300936,P100936,Unknown,Amplified,Wildtype,6.08,36.3
G300937,P100937,Unknown,Wildtype,Wildtype,8.81,35.3
G300938,P100938,Unknown,Unknown,Wildtype,0.15,55.7
G300939,P100939,Unmethylated,Unknown,Mutant,2.55,54.8
G300940,P100940,Unmethylated,Amplified,Mutant,2.21,70.9
G300941,P100941,Unknown,Unknown,Wildtype,7.02,27.5
G300942,P100942,Unmethylated,Wildtype,Unknown,0.56,75.1
G300943,P100943,Methylated,Unknown,Unknown,2.79,37.5
G300944,P100944,Methylated,Wildtype,Unknown,1.8,44.7
G300945,P100945,Methylated,Amplified,Mutant,4.32,60.7
G300946,P100946,Unmethylated,Unknown,Unknown,0.8,27.2
G300947,P100947,Unmethylated,Unknown,Mutant,6.35,65.1
G300948,P100948,Unknown,Unknown,Unknown,0.29,66.2
G300949,P100949,Methylated,Wildtype,Wildtype,5.11,66.4
G300950,P100950,Unknown,Amplified,Wildtype,4.79,12.2
G300951,P100951,Methylated,Amplified,Unknown,4.54,65.9
G300952,P100952,Unmethylated,Wildtype,Wildtype,2.32,44.2
G300953,P100953,Methylated,Wildtype,Mutant,4.47,6.5
G300954,P100954,Unknown,Amplified,Wildtype,10.01,36.5
G300955,P100955,Methylated,Amplified,Unknown,6.52,48.7
G300956,P100956,Unknown,Unknown,Unknown,8.77,56.1
G300957,P100957,Unmethylated,Wildtype,Wildtype,4.3,36.6
G300958,P100958,Unknown,Wildtype,Mutant,7.39,21.9
G300959,P100959,Unmethylated,Amplified,Mutant,6.94,33.5
G300960,P100960,Unmethylated,Amplified,Unknown,8.76,52.4
G300961,P100961,Methylated,Wildtype,Unknown,6.93,51.2
G300962,P100962,Unknown,Wildtype,Wildtype,0.26,37.1
G300963,P100963,Unmethylated,Amplified,Mutant,7.02,52.5
G300964,P100964,Unknown,Unknown,Mutant,8.54,56.0
G300965,P100965,Unknown,Wildtype,Mutant,2.1,38.1
G300966,P100966,Unmethylated,Wildtype,Mutant,5.31,15.3
G300967,P100967,Methylated,Amplified,Unknown,10.02,56.6
G300968,P100968,Methylated,Amplified,Wildtype,8.68,26.3
G300969,P100969,Methylated,Unknown,Unknown,8.73,83.5
G300970,P100970,Unmethylated,Amplified,Mutant,1.04,61.6
G300971,P100971,Unknown,Amplified,Unknown,5.0,26.8
G300972,P100972,Unmethylated,Amplified,Wildtype,6.48,62.5
G300973,P100973,Unmethylated,Amplified,Mutant,3.2,67.5
G300974,P100974,Unknown,Amplified,Unknown,0.0,27.6
G300975,P100975,Unknown,Amplified,Wildtype,5.41,50.4
G300976,P100976,Unknown,Amplified,Unknown,2.85,62.1
G300977,P100977,Unknown,Unknown,Unknown,6.59,62.9
G300978,P100978,Unknown,Unknown,Mutant,4.63,59.0
G300979,P100979,Unmethylated,Unknown,Wildtype,3.66,80.8
G300980,P100980,Unmethylated,Amplified,Unknown,2.56,81.6
G300981,P100981,Methylated,Amplified,Wildtype,5.1,29.4
G300982,P100982,Methylated,Amplified,Wildtype,9.1,51.9
G300983,P100983,Methylated,Amplified,Mutant,7.55,68.4
G300984,P100984,Methylated,Wildtype,Mutant,6.01,41.1
G300985,P100985,Methylated,Wildtype,Mutant,7.93,50.0
G300986,P100986,Unknown,Unknown,Mutant,7.06,17.7
G300987,P100987,Methylated,Amplified,Unknown,6.34,40.4
G300988,P100988,Methylated,Unknown,Mutant,9.96,59.3
G300989,P100989,Methylated,Wildtype,Unknown,5.72,57.3
G300990,P100990,Methylated,Wildtype,Wildtype,2.0,74.3
G300991,P100991,Unknown,Unknown,Mutant,10.97,55.9
G300992,P100992,Unknown,Amplified,Unknown,9.77,41.5
G300993,P100993,Unmethylated,Wildtype,Mutant,2.61,50.6
G300994,P100994,Methylated,Amplified,Mutant,6.3,44.1
G300995,P100995,Unmethylated,Wildtype,Mutant,6.61,54.6
G300996,P100996,Methylated,Wildtype,Unknown,2.01,57.8
G300997,P100997,Unmethylated,Amplified,Wildtype,7.59,52.6
G300998,P100998,Methylated,Wildtype,Mutant,8.46,31.7
G300999,P100999,Methylated,Unknown,Wildtype,6.4,32.4
